2.5322,0,/dvwa-1.9/_source,4.06,1
2.5322,0,/dvwa-1.9/_src,4.06,1
2.5322,0,/dvwa-1.9/dvwa/includes/dbms/pgsql.php.rar,4.04,1
2.5322,0,/dvwa-1.9/dvwa/includes/dvwaphpids%7e,4.04,1
2.5322,0,/dvwa-1.9/user.txt,4.06,1
2.5322,0,/dvwa-1.9/dvwa/includes/dvwaphpids.php%7e,4.04,1
2.5322,0,/dvwa-1.9/info.txt,4.06,1
2.5322,0,/dvwa-1.9/dvwa/includes/%7edvwaphpids,4.04,1
2.5322,0,/dvwa-1.9/_www,4.06,1
2.5322,0,/dvwa-1.9/_login,4.04,1
2.5322,1,/dvwa-1.9/login.php,3.02,1
2.5322,0,/dvwa-1.9/dvwa/includes/%7edvwaphpids.php,4.04,1
2.5322,0,/dvwa-1.9/dvwa/includes/dvwapage.7z,4.04,1
2.5322,0,/dvwa-1.9/log,4.06,1
2.5322,0,/dvwa-1.9/dvwa/includes/%21dvwaphpids,4.04,1
2.5322,0,/dvwa-1.9/.gitignore,4.06,1
2.5322,0,/dvwa-1.9/%21login.php,4.04,1
2.5322,0,/dvwa-1.9/dvwa/includes/%21dvwaphpids.php,4.04,1
2.5322,0,/dvwa-1.9/users.ini,4.06,1
2.5322,0,/dvwa-1.9/dvwa/includes/dbms/pgsql.php.zip,4.04,1
2.5322,0,/dvwa-1.9/%21login,4.04,1
2.5322,0,/dvwa-1.9/dvwa/includes/dbms/mysql.php.backup,4.04,1
2.5322,0,/dvwa-1.9/dvwa/includes/dvwaphpids%7e1,4.04,1
2.5322,0,/dvwa-1.9/users.db,4.06,1
2.5322,0,/dvwa-1.9/spool,4.06,1
2.5322,0,/dvwa-1.9/login0.php,4.04,1
2.5322,0,/dvwa-1.9/dvwa/includes/dvwaphpids.php%7e1,4.04,1
2.5322,0,/dvwa-1.9/databases.yml,4.06,1
2.5322,0,/dvwa-1.9/tar.gz,4.06,1
2.5322,0,/dvwa-1.9/propel.ini,4.06,1
2.5322,0,/dvwa-1.9/tar.bz2,4.06,1
2.5322,0,/dvwa-1.9/tar,4.06,1
2.5322,0,/dvwa-1.9/uploader,4.06,1
2.5322,0,/dvwa-1.9/dvwa/includes/dvwaphpids.php.java,4.04,1
2.5322,0,/dvwa-1.9/schema.yml,4.06,1
2.5322,0,/dvwa-1.9/uploads,4.06,1
2.5322,0,/dvwa-1.9/dvwa/includes/Copy%20of%20dvwaphpids.php,4.04,1
2.5322,0,/dvwa-1.9/sqlnet.log,4.06,1
2.5322,0,/dvwa-1.9/dvwa/includes/dbms/mysql%7e,4.04,1
2.5322,0,/dvwa-1.9/private.key,4.06,1
2.5322,0,/dvwa-1.9/dvwa/includes/Copy_(1)_of_dvwaphpids.php,4.04,1
2.5322,0,/dvwa-1.9/.svn/entries,4.04,1
2.5322,0,/dvwa-1.9/upload,4.06,1
2.5322,0,/dvwa-1.9/dvwa/includes/dvwaphpids%20-%20Copy.php,4.04,1
2.5322,0,/dvwa-1.9/id_rsa,4.06,1
2.5322,0,/dvwa-1.9/id_dsa,4.06,1
2.5322,0,/dvwa-1.9/dvwa/includes/dvwaphpids%20-%20Copy%20(2).php,4.04,1
2.5322,0,/dvwa-1.9/dvwa/includes/dvwapage.php.temp,4.04,1
2.5322,0,/dvwa-1.9/id_dsa.ppk,4.06,1
2.5322,0,/dvwa-1.9/Upload,4.06,1
2.5322,0,/dvwa-1.9/dvwa/includes/dvwaphpids.inc,4.04,1
2.5322,0,/dvwa-1.9/dvwa/includes/dbms/%7emysql,4.04,1
2.5322,0,/dvwa-1.9/db.inc,4.06,1
2.5322,0,/dvwa-1.9/database.inc,4.06,1
2.5322,0,/dvwa-1.9/dvwa/includes/dvwaphpids1.bak,4.04,1
2.5322,0,/dvwa-1.9//984895%40,4.04,1
2.5322,0,/dvwa-1.9/dvwa/includes/dvwapage.save,4.04,1
2.5322,0,/dvwa-1.9/config.inc,4.06,1
2.5322,0,/dvwa-1.9/common.inc,4.06,1
2.5322,0,/dvwa-1.9/?991061%40,3.02,1
2.5322,0,/dvwa-1.9/dvwa/includes/dvwaphpids2.bak,4.04,1
2.5322,0,/dvwa-1.9/dvwa/includes/dbms/pgsql.php.backup,4.04,1
2.5322,0,/dvwa-1.9/dvwa/includes/dvwaphpids.php.inc,4.04,1
2.5322,0,/dvwa-1.9/connect.inc,4.06,1
2.5322,0,/dvwa-1.9/dvwa/includes/dvwapage.backup,4.04,1
2.5322,0,/dvwa-1.9/dvwa/includes/dvwaphpids.php.0,4.04,1
2.5322,0,/dvwa-1.9/sql.inc,4.06,1
2.5322,0,/dvwa-1.9/?=930383%40,3.02,1
2.5322,0,/dvwa-1.9/dvwa/includes/dvwaphpids.php.1,4.04,1
2.5322,0,/dvwa-1.9/debug.inc,4.06,1
2.5322,0,/dvwa-1.9/dvwa/includes/dbms/pgsql.000,4.04,1
2.5322,0,/dvwa-1.9/debug.php,4.06,1
2.5322,0,/dvwa-1.9/dvwa/includes/dvwaphpids.php.2,4.04,1
2.5322,0,/dvwa-1.9/login.php,2.0,1
2.5322,0,/dvwa-1.9/admin.php,4.06,1
2.5322,0,/dvwa-1.9/dvwa/includes/dvwapage.php.backup,4.04,1
2.5322,0,/dvwa-1.9/dvwa/includes/_dvwaphpids.php,4.04,1
2.5322,0,/dvwa-1.9/debug.txt,4.06,1
2.5322,0,/dvwa-1.9/bigdump.php,4.06,1
2.5322,0,/dvwa-1.9/dvwa/includes/%21dvwaphpids.php,4.04,1
2.5322,0,/dvwa-1.9/incomming,4.06,1
2.5322,0,/dvwa-1.9/.htaccess,4.06,1
2.5322,0,/dvwa-1.9/dvwa/includes/dvwapage.000,4.04,1
2.5322,0,/dvwa-1.9/.htpasswd,4.06,1
2.5322,0,/dvwa-1.9/.passwd,4.06,1
2.5322,0,/dvwa-1.9/htaccess.bak,4.06,1
2.5322,1,/dvwa-1.9/login.php,3.02,1
2.5322,0,/dvwa-1.9/dvwa/includes/dvwapage.001,4.04,1
2.5322,0,/dvwa-1.9/htaccess.txt,4.06,1
2.5322,0,/dvwa-1.9/dvwa/includes/dbms/pgsql%7e,4.04,1
2.5322,0,/dvwa-1.9/database.log,4.06,1
2.5322,0,"/dvwa-1.9/\\""952201%40",4.03,1
2.5322,1,/dvwa-1.9/login.php,3.02,1
2.5322,0,/dvwa-1.9/dvwa/includes/dvwapage.php.001,4.04,1
2.5322,0,/dvwa-1.9/database.sql,4.06,1
2.5322,1,/dvwa-1.9/login.php,3.02,1
2.5322,0,/dvwa-1.9/dvwa/includes/dvwapage%7e,4.04,1
2.5322,0,/dvwa-1.9/dvwa/includes/%21dvwaphpids,4.04,1
2.5322,0,/dvwa-1.9/database.csv,4.06,1
2.5322,0,/dvwa-1.9/dvwa/includes/dbms/%7epgsql.php,4.04,1
2.5322,0,/dvwa-1.9/dvwa/QXN8S33NcV,4.06,1
2.5322,1,/dvwa-1.9/login.php,3.02,1
2.5322,0,/dvwa-1.9/db.log,4.06,1
2.5322,0,/dvwa-1.9/dvwa/ynIt7FWUFE.php,4.06,1
2.5322,1,/dvwa-1.9/login.php,3.02,1
2.5322,0,/dvwa-1.9/db.csv,4.06,1
2.5322,0,/dvwa-1.9/dvwa/includes/dbms/%21pgsql.php,4.04,1
2.5322,0,/dvwa-1.9/dvwa/7fXKm6f7Hy.html,4.06,1
2.5322,0,/dvwa-1.9/dvwa/includes/dvwaphpids0.php,4.04,1
2.5322,0,/dvwa-1.9/dvwa/includes/dbms/%7emysql.php,4.04,1
2.5322,0,/dvwa-1.9/dvwa/includes/dvwaphpids1.php,4.04,1
2.5322,0,/dvwa-1.9/dvwa/otdcqECek3.jsp,4.06,1
2.5322,0,/dvwa-1.9/user_uploads,4.06,1
2.5322,0,/dvwa-1.9/dvwa/includes/dbms/%21mysql,4.04,1
2.5322,0,/dvwa-1.9/dvwa/includes/%7edvwapage,4.04,1
2.5322,0,/dvwa-1.9/dvwa/includes/dvwaphpids2.php,4.04,1
2.5322,0,/dvwa-1.9/New%20Folder,4.06,1
2.5322,0,/dvwa-1.9/dvwa/users.mdb,4.04,1
2.5322,0,/dvwa-1.9/dvwa/apc.php,4.04,1
2.5322,0,/dvwa-1.9/New%20folder%20(2),4.06,1
2.5322,1,/dvwa-1.9/login.php,3.02,1
2.5322,0,/dvwa-1.9/dvwa/clients.mdb,4.04,1
2.5322,0,/dvwa-1.9/db.sql,4.06,1
2.5322,0,/dvwa-1.9/dvwa/Trace.axd,4.04,1
2.5322,0,/dvwa-1.9/dbaccess.log,4.06,1
2.5322,0,/dvwa-1.9/log,4.06,1
2.5322,0,/dvwa-1.9/admin.html,4.06,1
2.5322,0,/dvwa-1.9/logs,4.06,1
2.5322,0,/dvwa-1.9/dvwa/includes/%7edvwapage.php,4.04,1
